Estatisticas,Total de Jogos,Média de Pontos,Média de Assistências,Média de Rebotes,Média de Minutos em Quadra,Minutos em Quadra
Carreira,167,20.646706586826348,7.017964071856287,5.341317365269461,33.52694610778443,5599
Temporada Atual,29,23.79310344827586,9.655172413793103,6.758620689655173,35.86206896551724,1040
