Estatisticas,Total de Jogos,Média de Pontos,Média de Assistências,Média de Rebotes,Média de Minutos em Quadra,Minutos em Quadra
Carreira,179,16.078212290502794,4.4525139664804465,3.7541899441340782,30.011173184357542,5372
Temporada Atual,28,17.464285714285715,4.071428571428571,4.285714285714286,30.392857142857142,851
