Estatisticas,Total de Jogos,Média de Pontos,Média de Assistências,Média de Rebotes,Média de Minutos em Quadra,Minutos em Quadra
Carreira,156,10.961538461538462,1.8397435897435896,10.012820512820513,26.602564102564102,4150
Temporada Atual,28,9.178571428571429,2.3214285714285716,9.214285714285714,25.071428571428573,702
